INSERT INTO ABONNE (id_abonne, nom, prenom, email, date_naissance, lieu_naissance, region) VALUES
('AB001', 'Nachabe', 'Zaynab', 'zaynab.nachabe@hotmail.com', '1980-01-15', 'Paris', 'Île-de-France'),
('AB002', 'Martin', 'Marie', 'marie.martin@hotmail.com', '1990-02-20', 'Lyon', 'Auvergne-Rhône-Alpes'),
('AB003', 'Bernard', 'Pierre', 'pierre.bernard@hotmail.com', '1985-03-25', 'Marseille', 'Provence-Alpes-Côte d''Azur'),
('AB004', 'Dubois', 'Sophie', 'sophie.dubois@hotmail.com', '1975-04-30', 'Toulouse', 'Occitanie'),
('AB005', 'Durand', 'Luc', 'luc.durand@hotmail.com', '2000-05-10', 'Nice', 'Provence-Alpes-Côte d''Azur'),
('AB006', 'Lefevre', 'Jean', 'jean.Lefevre@hotmail.com', '1995-06-15', 'Nantes', 'Pays de la Loire'),
('AB007', 'Moreau', 'Marie', 'marie.moreau@hotmail.com', '1992-07-20', 'Strasbourg', 'Grand Est'),
('AB008', 'Leroy', 'Pierre', 'pierre.leroy@hotmail.com', '1988-08-25', 'Montpellier', 'Occitanie'),
('AB009', 'Roux', 'Sophie', 'sophie.roux@hotmail.com', '1983-09-30', 'Lille', 'Hauts-de-France'),
('AB010', 'Leroux', 'Luc', 'luc.leroux@hotmail.com', '1978-10-10', 'Rennes', 'Bretagne'),
('AB011', 'Petit', 'Anne', 'anne.petit@hotmail.com', '1982-11-15', 'Bordeaux', 'Nouvelle-Aquitaine'),
('AB012', 'Morel', 'Paul', 'paul.morel@hotmail.com', '1987-12-20', 'Dijon', 'Bourgogne-Franche-Comté'),
('AB013', 'Fournier', 'Julie', 'julie.fournier@hotmail.com', '1991-01-25', 'Le Havre', 'Normandie'),
('AB014', 'Girard', 'Louis', 'louis.girard@hotmail.com', '1984-02-28', 'Brest', 'Bretagne'),
('AB015', 'Andre', 'Claire', 'claire.andre@hotmail.com', '1993-03-30', 'Grenoble', 'Auvergne-Rhône-Alpes'),
('AB016', 'Lemoine', 'Hugo', 'hugo.lemoine@hotmail.com', '1989-04-15', 'Saint-Etienne', 'Auvergne-Rhône-Alpes'),
('AB017', 'Dupuis', 'Emma', 'emma.dupuis@hotmail.com', '1994-05-20', 'Toulon', 'Provence-Alpes-Côte d''Azur'), --l'apostrophe dans l'Azur est échappé par un autre apostrophe
('AB018', 'Marchand', 'Lucas', 'lucas.marchand@hotmail.com', '1986-06-25', 'Angers', 'Pays de la Loire'),
('AB019', 'Dumont', 'Alice', 'alice.dumont@hotmail.com', '1996-07-30', 'Tours', 'Centre-Val de Loire'),
('AB020', 'Brun', 'Thomas', 'thomas.brun@hotmail.com', '1981-08-10', 'Nîmes', 'Occitanie'),
('AB021', 'Gauthier', 'Camille', 'camille.gauthier@hotmail.com', '1983-09-15', 'Paris', 'Île-de-France'),
('AB022', 'Perrin', 'Antoine', 'antoine.perrin@hotmail.com', '1991-10-20', 'Lyon', 'Auvergne-Rhône-Alpes'),
('AB023', 'Renaud', 'Isabelle', 'isabelle.renaud@hotmail.com', '1986-11-25', 'Marseille', 'Provence-Alpes-Côte d''Azur'),
('AB024', 'Blanc', 'Julien', 'julien.blanc@hotmail.com', '1979-12-30', 'Toulouse', 'Occitanie'),
('AB025', 'Garnier', 'Laura', 'laura.garnier@hotmail.com', '1992-01-10', 'Nice', 'Provence-Alpes-Côte d''Azur'),
('AB026', 'Chevalier', 'Nicolas', 'nicolas.chevalier@hotmail.com', '1988-02-15', 'Nantes', 'Pays de la Loire'),
('AB027', 'Lambert', 'Elodie', 'elodie.lambert@hotmail.com', '1993-03-20', 'Strasbourg', 'Grand Est'),
('AB028', 'Bonnet', 'Hugo', 'hugo.bonnet@hotmail.com', '1987-04-25', 'Montpellier', 'Occitanie'),
('AB029', 'Francois', 'Chloe', 'chloe.francois@hotmail.com', '1984-05-30', 'Lille', 'Hauts-de-France'),
('AB030', 'Martinez', 'Lucas', 'lucas.martinez@hotmail.com', '1990-06-10', 'Rennes', 'Bretagne'),
('AB031', 'Legrand', 'Sophie', 'sophie.legrand@hotmail.com', '1985-07-15', 'Paris', 'Île-de-France'),
('AB032', 'Dupont', 'Alexandre', 'alexandre.dupont@hotmail.com', '1993-08-20', 'Lyon', 'Auvergne-Rhône-Alpes'),
('AB033', 'Moreau', 'Elise', 'elise.moreau@hotmail.com', '1989-09-25', 'Marseille', 'Provence-Alpes-Côte d''Azur'),
('AB034', 'Simon', 'Julien', 'julien.simon@hotmail.com', '1984-10-30', 'Toulouse', 'Occitanie'),
('AB035', 'Michel', 'Claire', 'claire.michel@hotmail.com', '1991-11-10', 'Nice', 'Provence-Alpes-Côte d''Azur'),
('AB036', 'Lefevre', 'Thomas', 'thomas.lefevre@hotmail.com', '1987-12-15', 'Nantes', 'Pays de la Loire'),
('AB037', 'Roux', 'Emma', 'emma.roux@hotmail.com', '1994-01-20', 'Strasbourg', 'Grand Est'),
('AB038', 'David', 'Lucas', 'lucas.david@hotmail.com', '1988-02-25', 'Montpellier', 'Occitanie'),
('AB039', 'Bertrand', 'Alice', 'alice.bertrand@hotmail.com', '1983-03-30', 'Lille', 'Hauts-de-France'),
('AB040', 'Fournier', 'Hugo', 'hugo.fournier@hotmail.com', '1990-04-10', 'Rennes', 'Bretagne');

-- On a totale de 40 abonnés

INSERT INTO AUTEUR (id_auteur, nom, prenom, pseudo, date_naissance, lieu_naissance, date_mort) VALUES
('AU1', 'Hugo', 'Victor', 'VHugo', '1802-02-26', 'Besançon', '1885-05-22'),
('AU2', 'Zola', 'Émile', 'EZola', '1840-04-02', 'Paris', '1902-09-29'),
('AU3', 'Dumas', 'Alexandre', 'ADumas', '1802-07-24', 'Villers-Cotterêts', '1870-12-05'),
('AU4', 'Maupassant', 'Guy', 'GMaupassant', '1850-08-05', 'Tourville-sur-Arques', '1893-07-06'),
('AU5', 'Balzac', 'Honoré', 'HBalzac', '1799-05-20', 'Tours', '1850-08-18'), 
('AU6', 'Sanderson', 'Brandon', 'BSanderson', '1089-05-20', 'Paris', NULL),
('AU7', 'Proust', 'Marcel', 'MProust', '1871-07-10', 'Paris', '1922-11-18'),
('AU8', 'Flaubert', 'Gustave', 'GFlaubert', '1821-12-12', 'Rouen', '1880-05-08'),
('AU9', 'Voltaire', 'François-Marie', 'FVoltaire', '1694-11-21', 'Paris', '1778-05-30'),
('AU10', 'Sartre', 'Jean-Paul', 'JPSartre', '1905-06-21', 'Paris', '1980-04-15'),
('AU11', 'de Beauvoir', 'Simone', 'SdeBeauvoir', '1908-01-09', 'Paris', '1986-04-14'),
('AU12', 'Camus', 'Albert', 'ACamus', '1913-11-07', 'Mondovi', '1960-01-04');

INSERT INTO BIBLIOTHEQUE (id_biblio, ville, adresse, code_postal, nom, capacite) VALUES
('BIB001', 'Paris', '123 Rue de Paris', '75001', 'Bibliothèque Nationale de France', '100000'),
('BIB002', 'Lyon', '456 Rue de Lyon', '69001', 'Bibliothèque Municipale de Lyon', '50000'),
('BIB003', 'Marseille', '789 Rue de Marseille', '13001', 'Bibliothèque de l''Alcazar', '30000'), --l'apostrophe dans l'Alcazar est échappé par un autre apostrophe
('BIB004', 'Toulouse', '101 Rue de Toulouse', '31000', 'Bibliothèque d''Étude et du Patrimoine', '20000'),
('BIB005', 'Nice', '202 Rue de Nice', '06000', 'Bibliothèque Louis Nucéra', '15000'),
('BIB006', 'Nantes', '1 Rue de Nantes', '44000', 'Bibliothèque de Nantes', '25000'),
('BIB007', 'Rennes', '2 Rue de Rennes', '35000', 'Bibliothèque de Rennes', '20000'),
('BIB008', 'Lille', '3 Rue de Lille', '59000', 'Bibliothèque de Lille', '30000'),
('BIB009', 'Dijon', '4 Rue de Dijon', '21000', 'Bibliothèque de Dijon', '15000'),
('BIB010', 'Le Havre', '5 Rue de Le Havre', '76600', 'Bibliothèque de Le Havre', '18000'),
('BIB011', 'Bordeaux', '6 Rue de Bordeaux', '33000', 'Bibliothèque de Bordeaux', '35000'),
('BIB012', 'Montpellier', '7 Rue de Montpellier', '34000', 'Bibliothèque de Montpellier', '22000'),
('BIB013', 'Saint-Etienne', '8 Rue de Saint-Etienne', '42000', 'Bibliothèque de Saint-Etienne', '17000'),
('BIB014', 'Toulon', '9 Rue de Toulon', '83000', 'Bibliothèque de Toulon', '16000'),
('BIB015', 'Brest', '10 Rue de Brest', '29200', 'Bibliothèque de Brest', '14000'),
('BIB016', 'Strasbourg', '11 Rue de Strasbourg', '67000', 'Bibliothèque de Strasbourg', '28000'),
('BIB017', 'Angers', '12 Rue de Angers', '49000', 'Bibliothèque de Angers', '13000'),
('BIB018', 'Grenoble', '13 Rue de Grenoble', '38000', 'Bibliothèque de Grenoble', '19000'),
('BIB019', 'Nîmes', '14 Rue de Nîmes', '30000', 'Bibliothèque de Nîmes', '16000'),
('BIB020', 'Tours', '15 Rue de Tours', '37000', 'Bibliothèque de Tours', '17000');

-- On a totale de 20 bibliothèques

INSERT INTO PAYS (id_pays, pays, langue, nationalite) VALUES
('FR', 'France', 'Français', 'Française'),
('US', 'United States', 'English', 'American'),
('DE', 'Germany', 'German', 'German'),
('ES', 'Spain', 'Spanish', 'Spanish'),
('IT', 'Italy', 'Italian', 'Italian'),
('LB', 'Lebanon', 'Arabic', 'Lebanese'),
('NC', 'Nouvelle Caledonie', 'Français', 'Française'),
('SY', 'Syria', 'Arabic', 'Syrian'),
('AU', 'Australia', 'English', 'Australian'),
('NZ', 'New Zealand', 'English', 'New Zealander'),
('TR', 'Turkey', 'Turkish', 'Turkish'),
('JP', 'Japan', 'Japanese', 'Japanese'),
('CN', 'China', 'Chinese', 'Chinese'),
('IN', 'India', 'Hindi', 'Indian'),
('BR', 'Brazil', 'Portuguese', 'Brazilian'),
('RU', 'Russia', 'Russian', 'Russian'),
('CA', 'Canada', 'English/French', 'Canadian'),
('MX', 'Mexico', 'Spanish', 'Mexican'),
('ZA', 'South Africa', 'English', 'South African'),
('KR', 'South Korea', 'Korean', 'South Korean'),
('NG', 'Nigeria', 'English', 'Nigerian'),
('RS', 'Serbia', 'Serbian', 'Serbian'),
('BA', 'Bosnia and Herzegovina', 'Bosnian', 'Bosnian'),
('ME', 'Montenegro', 'Montenegrin', 'Montenegrin'),
('AL', 'Albania', 'Albanian', 'Albanian'),
('MK', 'Macedonia', 'Macedonian', 'Macedonian'),
('BG', 'Bulgaria', 'Bulgarian', 'Bulgarian'),
('RO', 'Romania', 'Romanian', 'Romanian'),
('MD', 'Moldova', 'Romanian', 'Moldovan'),
('UA', 'Ukraine', 'Ukrainian', 'Ukrainian'),
('BY', 'Belarus', 'Belarusian', 'Belarusian'),
('LT', 'Lithuania', 'Lithuanian', 'Lithuanian'),
('LV', 'Latvia', 'Latvian', 'Latvian'),
('EE', 'Estonia', 'Estonian', 'Estonian'),
('IE', 'Ireland', 'English', 'Irish'),
('IS', 'Iceland', 'Icelandic', 'Icelandic');

INSERT INTO EDITEUR (id_editeur, nom, adresse, ville, id_Pays) VALUES
('ED1', 'Gallimard', '5 Rue Gaston Gallimard', 'Paris', 'FR'),
('ED2', 'Flammarion', '87 Quai Panhard et Levassor', 'Paris', 'FR'),
('ED3', 'Hachette', '43 Quai de Grenelle', 'Paris', 'FR'),
('ED4', 'Le Seuil', '27 Rue Jacob', 'Paris', 'FR'),
('ED5', 'Albin Michel', '22 Rue Huyghens', 'Paris', 'FR'),
('ED6', 'Fayard', '13 Rue du Montparnasse', 'Paris', 'FR'),
('ED7', 'Plon', '6 Rue de Beaune', 'Paris', 'FR'),
('ED8', 'La Découverte', '9 Bis Rue Abel Hovelacque', 'Paris', 'FR'),
('ED9', 'Actes Sud', '21 Rue des Écoles', 'Arles', 'FR'),
('ED10', 'Éditions de Minuit', '7 Rue Bernard Palissy', 'Paris', 'FR'),
('ED11', 'Robert Laffont', '24 Avenue Marceau', 'Paris', 'FR'),
('ED12', 'Payot & Rivages', '106 Boulevard Saint-Germain', 'Paris', 'FR');

INSERT INTO OEUVRE (id_oeuvre, description, genre, score) VALUES
('O1', 'Un grand classique de la littérature', 'Roman', '9.5'),
('O2', 'Une œuvre philosophique et engagée', 'Essai', '8.7'),
('O3', 'Un chef-dœuvre du théâtre français', 'Théâtre', '9.2'),
('O4', 'Un recueil de nouvelles', 'Nouvelles', '8.9'),
('O5', 'Un roman historique fascinant', 'Historique', '9.1'),
('O6', 'Une épopée poétique', 'Poésie', '8.5'),
('O7', 'Un roman daventure captivant', 'Aventure', '9.0'),
('O8', 'Un thriller psychologique intense', 'Thriller', '8.8'),
('O9', 'Un manuel de philosophie', 'Manuel', '8.6'),
('O10', 'Un essai sur la société contemporaine', 'Essai', '9.0'),
('O11', 'Une biographie inspirante', 'Biographie', '9.3'),
('O12', 'Un roman de science-fiction visionnaire', 'Science-fiction', '8.9'),
('O13', 'Une tragédie classique', 'Théâtre', '9.2'),
('O14', 'Un conte philosophique', 'Conte', '9.4'),
('O15', 'Une satire politique et sociale', 'Satire', '8.8');

INSERT INTO EDITION (id_edition, ISBN, titre, date_publi, format, nb_page, disponibilite, id_oeuvre, id_editeur) VALUES
('EDT1', '978-2-07-036822-8', 'Les Misérables', '1862-04-03', 'Broché', 1488, 'Disponible', 'O1', 'ED1'),
('EDT2', '978-2-07-036819-8', 'Le Comte de Monte-Cristo', '1844-08-18', 'Relié', 1243, 'Disponible', 'O2', 'ED2'),
('EDT3', '978-2-07-036828-0', 'Madame Bovary', '1857-12-12', 'Broché', 432, 'Disponible', 'O3', 'ED3'),
('EDT4', '978-2-07-036823-5', 'À la recherche du temps perdu', '1913-11-14', 'Broché', 4211, 'Disponible', 'O4', 'ED4'),
('EDT5', '978-2-07-036824-2', 'Germinal', '1885-03-02', 'Broché', 592, 'Disponible', 'O5', 'ED5'),
('EDT6', '978-2-07-036825-9', 'Le Père Goriot', '1834-03-19', 'Broché', 329, 'Disponible', 'O6', 'ED6'),
('EDT7', '978-2-07-036826-6', 'LÉtranger', '1942-05-19', 'Broché', 185, 'Disponible', 'O7', 'ED7'),
('EDT8', '978-2-07-036827-3', 'Huis clos', '1944-06-05', 'Broché', 126, 'Disponible', 'O8', 'ED8'),
('EDT9', '978-2-07-036829-7', 'Les Fleurs du mal', '1857-06-25', 'Broché', 153, 'Disponible', 'O9', 'ED9'),
('EDT10', '978-2-07-036830-3', 'La Peste', '1947-06-10', 'Broché', 352, 'Disponible', 'O10', 'ED10');

INSERT INTO A_ECRIT (id_auteur, id_oeuvre) VALUES
('AU1', 'O1'),
('AU1', 'O4'),
('AU2', 'O2'),
('AU2', 'O5'),
('AU3', 'O7'),
('AU3', 'O8'),
('AU4', 'O3'),
('AU5', 'O6'),
('AU6', 'O9'),
('AU7', 'O4'),
('AU8', 'O3'),
('AU9', 'O14'),
('AU10', 'O10'),
('AU11', 'O15'),
('AU12', 'O12');

INSERT INTO BLACKLIST (id_abonne, date_deb, date_fin) VALUES
('AB001', '2025-02-01', '2025-05-01'),
('AB005', '2025-02-01', '2025-05-01'),
('AB010', '2025-02-01', '2025-05-01'),
('AB015', '2025-02-01', '2025-05-01'),
('AB020', '2025-02-01', '2025-05-01'),
('AB025', '2025-02-01', '2025-05-01'),
('AB030', '2025-02-01', '2025-05-01'),
('AB035', '2025-02-01', '2025-05-01'),
('AB040', '2025-02-01', '2025-05-01'),
('AB001', '2024-10-01', '2025-01-01'),  -- Already ended
('AB005', '2025-01-01', '2025-04-01'),  -- Currently active
('AB010', '2025-03-01', '2025-06-01'),  -- Starts in the future
('AB015', '2024-09-15', '2024-12-15'),  -- Already ended
('AB025', '2025-04-15', '2025-07-15'),  -- Starts in the future
('AB030', '2024-11-01', '2025-02-01'),  -- Currently active
('AB035', '2025-01-15', '2025-04-15'),  -- Currently active
('AB040', '2024-12-01', '2025-03-01');  -- Currently active

INSERT INTO EST_DE (id_Pays, id_auteur) VALUES
('FR', 'AU1'),  -- Victor Hugo (France)
('FR', 'AU2'),  -- Émile Zola (France)
('FR', 'AU3'),  -- Alexandre Dumas (France)
('FR', 'AU4'),  -- Guy de Maupassant (France)
('FR', 'AU5'),  -- Honoré de Balzac (France)
('US', 'AU6'),  -- Brandon Sanderson (United States)
('FR', 'AU7'),  -- Marcel Proust (France)
('FR', 'AU8'),  -- Gustave Flaubert (France)
('FR', 'AU9'),  -- Voltaire (France)
('FR', 'AU10'), -- Jean-Paul Sartre (France)
('FR', 'AU11'), -- Simone de Beauvoir (France)
('FR', 'AU12'); -- Albert Camus (France)

INSERT INTO EVENEMENT (id_evenement, nom, type, adresse, ville, date_deb, date_fin) VALUES
('EV1', 'Salon du Livre', 'Culturel', 'Porte de Versailles', 'Paris', '2024-03-10', '2024-03-14'),
('EV2', 'Conférence Zola', 'Conférence', 'Université de Lyon', 'Lyon', '2024-04-01', '2024-04-02'),
('EV3', 'Journée des Bibliothèques', 'Événement Public', 'Place de la Mairie', 'Marseille', '2024-05-20', '2024-05-20'),
('EV4', 'Festival de Cannes', 'Cinéma', 'Palais des Festivals', 'Cannes', '2024-05-14', '2024-05-25'),
('EV5', 'Rencontres Littéraires', 'Culturel', 'Hôtel de Ville', 'Bordeaux', '2024-06-05', '2024-06-07'),
('EV6', 'Colloque sur la Littérature Contemporaine', 'Conférence', 'Maison de la Poésie', 'Paris', '2024-06-15', '2024-06-16'),
('EV7', 'Nuit des Musées', 'Culturel', 'Louvre', 'Paris', '2024-07-19', '2024-07-19'),
('EV8', 'Salon du Polar', 'Culturel', 'Parc des Expositions', 'Lyon', '2024-08-10', '2024-08-12'),
('EV9', 'Festival de la Bande Dessinée', 'Culturel', 'Centre International de la BD', 'Angoulême', '2024-09-27', '2024-09-30'),
('EV10', 'Séminaire sur Victor Hugo', 'Conférence', 'Université de Strasbourg', 'Strasbourg', '2024-10-12', '2024-10-13');

INSERT INTO ORGANISE (id_biblio, id_evenement) VALUES
('BIB001', 'EV1'),
('BIB001', 'EV6'),
('BIB002', 'EV2'),
('BIB003', 'EV3'),
('BIB004', 'EV4'),
('BIB005', 'EV5'),
('BIB006', 'EV7'),
('BIB007', 'EV8'),
('BIB008', 'EV9'),
('BIB009', 'EV10'),
('BIB010', 'EV1'),
('BIB011', 'EV4'),
('BIB012', 'EV2'),
('BIB013', 'EV6'),
('BIB014', 'EV7'),
('BIB015', 'EV5'),
('BIB016', 'EV3'),
('BIB017', 'EV9'),
('BIB018', 'EV10'),
('BIB019', 'EV8'),
('BIB020', 'EV5'),
('BIB002', 'EV6'),
('BIB005', 'EV7'),
('BIB013', 'EV10'),
('BIB014', 'EV9'),
('BIB016', 'EV8');

INSERT INTO PARTICIPE (id_auteur, id_evenement) VALUES
('AU1', 'EV1'),  -- Victor Hugo participates in Salon du Livre
('AU1', 'EV6'),  -- Victor Hugo participates in Colloque sur la Littérature Contemporaine
('AU2', 'EV2'),  -- Émile Zola participates in Conférence Zola
('AU3', 'EV3'),  -- Alexandre Dumas participates in Journée des Bibliothèques
('AU3', 'EV5'),  -- Alexandre Dumas participates in Rencontres Littéraires
('AU4', 'EV4'),  -- Guy de Maupassant participates in Festival de Cannes
('AU6', 'EV2'),  -- Brandon Sanderson participates in Conférence Zola
('AU6', 'EV7'),  -- Brandon Sanderson participates in Nuit des Musées
('AU7', 'EV1'),  -- Marcel Proust participates in Salon du Livre
('AU8', 'EV8'),  -- Gustave Flaubert participates in Salon du Polar
('AU9', 'EV10'), -- Voltaire participates in Séminaire sur Victor Hugo
('AU10', 'EV6'), -- Jean-Paul Sartre participates in Colloque sur la Littérature Contemporaine
('AU11', 'EV4'), -- Simone de Beauvoir participates in Festival de Cannes
('AU12', 'EV10');-- Albert Camus participates in Séminaire sur Victor Hugo

INSERT INTO POSSEDE (id_edition, id_biblio, quantite) VALUES
('EDT1', 'BIB001', '5'),
('EDT1', 'BIB002', '3'),
('EDT2', 'BIB003', '2'),
('EDT3', 'BIB004', '4'),
('EDT3', 'BIB005', '1'),
('EDT4', 'BIB006', '6'),
('EDT5', 'BIB007', '3'),
('EDT5', 'BIB008', '4'),
('EDT6', 'BIB009', '2'),
('EDT7', 'BIB010', '3'),
('EDT8', 'BIB001', '5'),
('EDT8', 'BIB011', '3'),
('EDT9', 'BIB012', '2'),
('EDT10', 'BIB013', '4'),
('EDT1', 'BIB020', '1'), -- Multiple libraries own this edition
('EDT3', 'BIB010', '2'), -- Multiple libraries own this edition
('EDT6', 'BIB001', '4'), -- Multiple libraries own this edition
('EDT8', 'BIB002', '-5'), -- Multiple libraries own this edition
('EDT9', 'BIB003', '2'); -- Multiple libraries own this edition

INSERT INTO SERIE (id_oeuvre_1, id_oeuvre_2, nom, nb_livre, genre) VALUES
('O1', 'O4', 'Classiques Littéraires', '2', 'Roman'),
('O2', 'O10', 'Œuvres Philosophiques', '2', 'Essai'),
('O3', 'O13', 'Théâtre Français', '2', 'Théâtre'),
('O5', 'O7', 'Aventures Historiques', '2', 'Aventure'),
('O6', 'O8', 'Poésie et Thriller', '2', 'Poésie/Thriller'),
('O9', 'O10', 'Philosophie Moderne', '2', 'Essai/Manuel'),
('O11', 'O12', 'Science et Inspiration', '2', 'Biographie/Science-fiction'),
('O1', 'O5', 'Classiques et Historiques', '2', 'Roman/Historique'),
('O4', 'O9', 'Nouvelles et Manuel', '2', 'Nouvelles/Manuel'),
('O7', 'O12', 'Aventure et Science-fiction', '2', 'Aventure/Science-fiction'),
('O8', 'O15', 'Thrillers et Satires', '2', 'Thriller/Satire'),
('O2', 'O15', 'Essais Sociaux et Satires', '2', 'Essai/Satire');

INSERT INTO SOUSCRIT (id_abonne, id_biblio, debut_abonnement, fin_abonnement, souscription) VALUES
('AB001', 'BIB001', '2023-01-01', '2023-12-31', 'Annuel'),
('AB001', 'BIB002', '2023-01-01', '2023-12-31', 'Annuel'),
('AB002', 'BIB003', '2023-01-15', '2024-01-15', 'Annuel'),
('AB003', 'BIB004', '2022-05-01', '2023-05-01', 'Mensuel'),
('AB004', 'BIB005', '2023-02-01', '2024-02-01', 'Annuel'),
('AB005', 'BIB006', '2023-03-01', '2023-09-01', 'Semestriel'),
('AB006', 'BIB007', '2023-04-01', '2023-10-01', 'Semestriel'),
('AB007', 'BIB008', '2023-05-01', '2024-05-01', 'Annuel'),
('AB008', 'BIB009', '2023-06-01', '2023-12-01', 'Semestriel'),
('AB009', 'BIB010', '2023-07-01', '2024-07-01', 'Annuel'),
('AB010', 'BIB011', '2023-08-01', '2024-08-01', 'Annuel'),
('AB011', 'BIB012', '2023-09-01', '2024-09-01', 'Annuel'),
('AB012', 'BIB013', '2023-10-01', '2024-10-01', 'Annuel'),
('AB013', 'BIB014', '2023-11-01', '2024-11-01', 'Annuel'),
('AB014', 'BIB015', '2023-12-01', '2024-12-01', 'Annuel'),
('AB015', 'BIB016', '2023-01-01', '2023-12-31', 'Annuel'),
('AB016', 'BIB017', '2023-02-01', '2024-02-01', 'Annuel'),
('AB017', 'BIB018', '2023-03-01', '2023-09-01', 'Semestriel'),
('AB018', 'BIB019', '2023-04-01', '2023-10-01', 'Semestriel'),
('AB019', 'BIB020', '2023-05-01', '2024-05-01', 'Annuel'),
('AB020', 'BIB001', '2023-06-01', '2023-12-01', 'Semestriel'),
('AB021', 'BIB002', '2023-07-01', '2024-07-01', 'Annuel'),
('AB022', 'BIB003', '2023-08-01', '2024-08-01', 'Annuel'),
('AB023', 'BIB004', '2023-09-01', '2024-09-01', 'Annuel'),
('AB024', 'BIB005', '2023-10-01', '2024-10-01', 'Annuel'),
('AB025', 'BIB006', '2023-11-01', '2024-11-01', 'Annuel'),
('AB026', 'BIB007', '2023-12-01', '2024-12-01', 'Annuel'),
('AB027', 'BIB008', '2023-01-01', '2023-12-31', 'Annuel'),
('AB028', 'BIB009', '2023-02-01', '2024-02-01', 'Annuel'),
('AB029', 'BIB010', '2023-03-01', '2023-09-01', 'Semestriel'),
('AB030', 'BIB011', '2023-04-01', '2023-10-01', 'Semestriel'),
('AB031', 'BIB012', '2023-05-01', '2024-05-01', 'Annuel'),
('AB032', 'BIB013', '2023-06-01', '2023-12-01', 'Semestriel'),
('AB033', 'BIB014', '2023-07-01', '2024-07-01', 'Annuel'),
('AB034', 'BIB015', '2023-08-01', '2024-08-01', 'Annuel'),
('AB035', 'BIB016', '2023-09-01', '2024-09-01', 'Annuel'),
('AB036', 'BIB017', '2023-10-01', '2024-10-01', 'Annuel'),
('AB037', 'BIB018', '2023-11-01', '2024-11-01', 'Annuel'),
('AB038', 'BIB019', '2023-12-01', '2024-12-01', 'Annuel'),
('AB039', 'BIB020', '2023-01-01', '2023-12-31', 'Annuel'),
('AB040', 'BIB001', '2023-02-01', '2024-02-01', 'Annuel'),
('AB040', 'BIB002', '2023-03-01', '2023-09-01', 'Semestriel'),
('AB040', 'BIB003', '2023-04-01', '2023-10-01', 'Semestriel'),
('AB002', 'BIB004', '2025-02-01', '2025-08-01', 'Semestriel'),  -- Future subscription
('AB010', 'BIB006', '2025-03-01', '2025-09-01', 'Semestriel'),  -- Future subscription
('AB015', 'BIB008', '2025-04-01', '2025-10-01', 'Semestriel'),  -- Future subscription
('AB020', 'BIB010', '2025-05-01', '2026-05-01', 'Annuel'),  -- Future subscription
('AB025', 'BIB012', '2025-06-01', '2026-06-01', 'Annuel'); -- Future subscription

INSERT INTO TRANSFERT (id_biblio_source, id_biblio_dest, id_edition, date_debut, date_fin, description, cout) VALUES
('BIB001', 'BIB002', 'EDT1', '2024-05-01', '2024-05-15', 'Transfert de roman classique', '50'),
('BIB003', 'BIB004', 'EDT2', '2024-06-15', '2024-06-30', 'Transfert dessai philosophique', '30'),
('BIB005', 'BIB006', 'EDT3', '2024-07-20', '2024-07-30', 'Transfert de théâtre classique', '40'),
('BIB007', 'BIB008', 'EDT4', '2024-08-25', '2024-09-05', 'Transfert de nouvelles', '35'),
('BIB009', 'BIB010', 'EDT5', '2024-09-30', '2024-10-10', 'Transfert de roman historique', '45'),
('BIB002', 'BIB001', 'EDT6', '2024-10-05', '2024-10-20', 'Transfert de poésie', '25'),
('BIB011', 'BIB012', 'EDT7', '2024-11-10', '2024-11-25', 'Transfert de thriller', '20'),
('BIB013', 'BIB014', 'EDT8', '2024-12-15', '2024-12-30', 'Transfert de manuel philosophique', '60'),
('BIB015', 'BIB016', 'EDT9', '2025-01-01', '2025-01-15', 'Transfert de biographie', '-10'), -- Negative cost
('BIB017', 'BIB018', 'EDT10', '2025-02-01', '2025-02-15', 'Transfert de roman de science-fiction', '70'),
('BIB001', 'BIB019', 'EDT1', '2025-03-01', '2025-03-15', 'Transfert de roman classique', '100'),
('BIB002', 'BIB020', 'EDT1', '2025-04-01', '2025-04-15', 'Transfert dessai philosophique', '80'),
('BIB005', 'BIB007', 'EDT1', '2023-05-01', '2023-05-15', 'Transfert de roman classique', '90'), -- Multiple editions to the same library
('BIB005', 'BIB007', 'EDT3', '2023-06-01', '2023-06-15', 'Transfert de théâtre classique', '110'), -- Multiple editions to the same library
('BIB006', 'BIB010', 'EDT2', '2023-07-01', '2023-07-15', 'Transfert dessai philosophique', '75'),
('BIB008', 'BIB014', 'EDT4', '2023-08-01', '2023-08-15', 'Transfert de nouvelles', '65'),
('BIB012', 'BIB009', 'EDT5', '2023-09-01', '2023-09-15', 'Transfert de roman historique', '55'),
('BIB014', 'BIB018', 'EDT6', '2023-10-01', '2023-10-15', 'Transfert de poésie', '95'), 
('BIB016', 'BIB013', 'EDT7', '2023-11-01', '2023-11-15', 'Transfert de thriller', '85'),
('BIB018', 'BIB011', 'EDT8', '2023-12-01', '2023-12-15', 'Transfert de manuel philosophique', '105'), -- Future dates
('BIB020', 'BIB015', 'EDT9', '2024-01-01', '2024-01-15', 'Transfert de biographie', '115'), 
('BIB001', 'BIB012', 'EDT10', '2024-02-01', '2024-02-15', 'Transfert de roman de science-fiction', '95'), 
('BIB019', 'BIB014', 'EDT1', '2024-03-01', '2024-03-15', 'Transfert de roman classique', '-20'), -- Negative cost
('BIB007', 'BIB018', 'EDT2', '2024-04-01', '2024-04-15', 'Transfert dessai philosophique', '85'); --end date before start date: edge case problem

